Workbook

Sheet Изчисление
A1: За лек автомобил 1 | L1: За лек автомобил 2
A3: μ ср 1 | B3: 0.7 | E3: среден коефициент на сцепление за съответния пътен участък | L3: μ ср 2 | M3: 0.7
A4: σ 1 | B4: 8.1 | C4: метра | E4: път изминат от масовия център на автомобила след удара | L4: σ 2 | M4: 18 | N4: метра
A5: α° | B5: 0 | C5: градуса | E5: ъгъл на наклон на пътното платно | L5: α° | M5: 0 | N5: градуса
A6: j 1 | B6: =(B3*COS(RADIANS(B5))-SIN(RADIANS(B5)))*9.81 -> 6.87 | C6: м/сек² | E6: спирачно закъснение | L6: j 2 | M6: =(M3*COS(RADIANS(M5))-SIN(RADIANS(M5)))*9.81 -> 6.87 | N6: м/сек²
A7: Vy 1 | B7: =B8/3.6 -> 0 | C7: м/сек | E7: скорост погасена при удара (ако има такъв в края на движението на автомобила) | L7: Vy 2 | M7: =M8/3.6 -> 0 | N7: м/сек
B8: 0 | C8: км/ч | M8: 0 | N8: км/ч
A10: u 1 | B10: =SQRT(2*(B6*B4)+B7^2) -> 10.5 | C10: м/сек | F10: Скорост на масовия център след удара | L10: u 2 | M10: =SQRT(2*(M6*M4)+M7^2) -> 15.7 | N10: м/сек
B11: =B10*3.6 -> 37.8 | C11: км/ч | M11: =M10*3.6 -> 56.5 | N11: км/ч
A13: α 1 = | B13: 0 | D13: - ъгъл измерен от абсцисната ос до скоростта на масовия център преди удара | L13: α 2 = | M13: 188
A14: β 1 = | B14: 341 | D14: - ъгъл измерен от абсцисната ос до скоростта на масовия център след удара | L14: β 2 = | M14: 186
A15: m 1 = | B15: 1250 | C15: кг. | D15: - пълна маса на автомобила | L15: m 2 = | M15: 1420 | N15: кг.
A16: u 1 = | B16: =B10 -> 10.5 | C16: м/с | D16: - скорост на масовия център след удара | L16: u 2 = | M16: =M10 -> 15.7 | N16: м/сек
A18: α s | B18: 9 | D18: - ъгъл на директрисата на ударния импулс
A19: к | B19: 140 | D19: - коефициент на възстановяване
A20: k | B20: =(B19-100)% -> 0.4 | H20: Определяне скоростта на превозните средства в момента на удара
A22: V1у Моментум | B22: =((SIN(RADIANS(B14-M13))*B15*B16) + (SIN(RADIANS(M14-M13))*M15*M16))/(SIN(RADIANS(B13-M13))*B15) -> 29.8 | C22: м/с | D22: - скорост на превозните средства в момента на удара | L22: V у2 Моментум | M22: =(SIN(RADIANS(B14-B13))*B15*B16 + SIN(RADIANS(M14-B13))*M15*M16)/(SIN(RADIANS(M13-B13))*M15) -> 33.4 | N22: м/с
B23: =B22*3.6 -> 107.3 | C23: км/ч | F23: Моментум 360 | M23: =M22*3.6 -> 120.2 | N23: км/ч
A25: V1у Теория | B25: =R30 -> 29.5 | C25: м/сек | F25: Теория на удара | L25: Vу2 Теория | M25: =Z30 -> 33.2 | N25: м/сек
B26: =R31 -> 106.2 | C26: км/ч | M26: =Z31 -> 119.5 | N26: км/ч | U26: a11 | V26: =COS(RADIANS(B13))*B15 -> 1250 | W26: кг.
A27: План на скоростите "Моментум 360" | I27: План на скоростите теория на удара | U27: a12 | V27: =COS(RADIANS(M13))*M15 -> -1406.18 | W27: кг.
U28: a21 | V28: =-COS(RADIANS(B13-B18)) -> -0.99
U29: a22 | V29: =COS(RADIANS(M13-B18)) -> -1
Q30: Vу1 | R30: =((V29*V30)-(V27*V31))/((V26*V29)-(V28*V27)) -> 29.5 | S30: м/сек | U30: b1 | V30: =(COS(RADIANS(B14))*B15*B10)+(COS(RADIANS(M14))*M15*M10) -> -9761.94 | W30: N/сек | Y30: Vу2 | Z30: =((V26*V31)-(V28*V30))/((V26*V29)-(V28*V27)) -> 33.2 | AA30: м/сек
R31: =R30*3.6 -> 106.2 | S31: км/ч | U31: b2 | V31: =(((COS(RADIANS(M14-B18)))*M10)-((COS(RADIANS(B14-B18)))*B10))/B20 -> -62.37 | W31: м/сек | Z31: =Z30*3.6 -> 119.5 | AA31: км/ч
F53: При наличие на спирачни следи преди удара | U53: При наличие на спирачни следи преди удара
A55: tн 1 = | B55: 0 | C55: сек. | D55: - време за нарастване на спирачното закъснение от 0 до маскимум | L55: tн 2 = | M55: 0 | N55: сек. | Q55: tн 1 = | R55: =B55 -> 0 | S55: сек. | T55: - време за нарастване на спирачното закъснение от 0 до маскимум | Z55: tн 2 = | AA55: =M55 -> 0 | AB55: сек.
A56: µ 1 = | B56: =B3 -> 0.7 | L56: µ 2= | M56: =M3 -> 0.7 | Q56: µ 1 = | R56: =B56 -> 0.7 | Z56: µ 2= | AA56: =M56 -> 0.7
A57: α = | B57: =B5 -> 0 | C57: градуси | L57: α = | M57: =M5 -> 0 | N57: градуси | Q57: α = | R57: =B57 -> 0 | S57: градуси | Z57: α = | AA57: =M57 -> 0 | AB57: градуси
A58: j 1 = | B58: =(B56*COS(RADIANS(B57))-SIN(RADIANS(B57)))*9.81 -> 6.87 | C58: м/сек 2 | D58: Максимално спирачно закъснение при оставяне на спирачните следи преди удара | L58: j 2 = | M58: =(M56*COS(RADIANS(M57))-SIN(RADIANS(M57)))*9.81 -> 6.87 | N58: м/сек 2 | Q58: j 1 = | R58: =B58 -> 6.87 | S58: м/сек 2 | T58: Максимално спирачно закъснение при оставяне на спирачните следи преди удара | Z58: j 2 = | AA58: =M58 -> 6.87 | AB58: м/сек 2
A59: S 1 = | B59: 0 | C59: метра | D59: Дължина на спирачните следи преди мястото на удара | L59: S 2 = | M59: 0 | N59: метра | Q59: S 1 = | R59: =B59 -> 0 | S59: метра | T59: Дължина на спирачните следи преди мястото на удара | Z59: S 2 = | AA59: =M59 -> 0 | AB59: метра
A60: b 1 = | B60: 0 | C60: метра | D60: Надлъжна база на автомобила | L60: b 2 = | M60: 0 | N60: метра | Q60: b 1 = | R60: =B60 -> 0 | S60: метра | T60: Надлъжна база на автомобила | Z60: b 2 = | AA60: =M60 -> 0 | AB60: метра
A61: σ 1 = | B61: =B59-B60 -> 0 | C61: метра | D61: Ефективен спирачен път на автомобила | L61: σ 2 = | M61: =M59-M60 -> 0 | N61: метра | Q61: σ 1 = | R61: =B61 -> 0 | S61: метра | T61: Ефективен спирачен път на автомобила | Z61: σ 2 = | AA61: =M61 -> 0 | AB61: метра
A62: Vy 1 = | B62: =B22 -> 29.8 | C62: м/с | D62: Скорост в момента на удара | L62: Vy 1 = | M62: =M22 -> 33.4 | N62: м/с | Q62: Vy 1 = | R62: =R30 -> 29.5 | S62: м/с | T62: Скорост в момента на удара | Z62: Vy 1 = | AA62: =Z30 -> 33.2 | AB62: м/с
Q64: V1 преди удара | R64: =(0.5*R55*R58)+SQRT((2*R58*R61)+R62^2) -> 29.5 | S64: м/с | T64: - скорост на лекия автомобил преди удара | Z64: V2 преди удара | AA64: =(0.5*AA55*AA58)+SQRT((2*AA58*AA61)+AA62^2) -> 33.2 | AB64: м/с
F65: Моментум 360 | R65: =R64*3.6 -> 106.2 | S65: км/ч | AA65: =AA64*3.6 -> 119.5 | AB65: км/ч
A66: V1 преди удара | B66: =(0.5*B55*B58)+SQRT((2*B58*B61)+B62^2) -> 29.8 | C66: м/с | D66: - скорост на лекия автомобил преди удара | L66: V2 преди удара | M66: =(0.5*M55*M58)+SQRT((2*M58*M61)+M62^2) -> 33.4 | N66: м/с
B67: =B66*3.6 -> 107.3 | C67: км/ч | M67: =M66*3.6 -> 120.2 | N67: км/ч
F69: Теория на удара
A70: V1 преди удара | B70: =R64 -> 29.5 | C70: м/с | D70: - скорост на лекия автомобил преди удара | L70: V2 преди удара | M70: =AA64 -> 33.2 | N70: м/с
B71: =R65 -> 106.2 | C71: км/ч | M71: =AA65 -> 119.5 | N71: км/ч
F75: Определяне на опасната зона Моментум 360 | T75: Определяне на опасната зона Теория на удара
A77: tp = | B77: 1 | C77: сек | D77: - време за реакция | L77: tp | M77: 1 | N77: сек | Q77: tp = | R77: 1 | S77: сек | T77: - време за реакция | Z77: tp | AA77: 1 | AB77: сек
A78: tсп = | B78: 0.2 | C78: сек | D78: - време за сработване на спирачния привод | L78: tсп | M78: 0.2 | N78: сек | Q78: tсп = | R78: 0.2 | S78: сек | T78: - време за сработване на спирачния привод | Z78: tсп | AA78: 0.2 | AB78: сек
A79: tн = | B79: =B55 -> 0 | C79: сек | D79: - време за нарастване на спирачното закъснение | L79: tн | M79: 0.4 | N79: сек | Q79: tн = | R79: =R55 -> 0 | S79: сек | T79: - време за нарастване на спирачното закъснение | Z79: tн | AA79: =AA55 -> 0 | AB79: сек
A80: j сп = | B80: =B58 -> 6.87 | C80: м/сек² | D80: - спирачно закъснение | L80: j сп | M80: =M58 -> 6.87 | N80: м/сек² | Q80: j сп = | R80: =R58 -> 6.87 | S80: м/сек² | T80: - спирачно закъснение | Z80: j сп | AA80: =AA58 -> 6.87 | AB80: м/сек²
A81: Va м/с = | B81: =B66 -> 29.8 | C81: м/сек² | D81: - скорост на лек автомобил 1 преди удара | L81: Va м/с | M81: =M66 -> 33.4 | N81: м/сек² | Q81: Va м/с = | R81: =R64 -> 29.5 | S81: м/сек² | T81: - скорост на лек автомобил 1 преди удара | Z81: Va м/с | AA81: =AA64 -> 33.2 | AB81: м/сек²
B82: =B81*3.6 -> 107.3 | C82: км/ч | M82: =M81*3.6 -> 120.2 | N82: км/ч | R82: =R81*3.6 -> 106.2 | S82: км/ч | AA82: =AA81*3.6 -> 119.5 | AB82: км/ч
A85: Oз, м. = | B85: =(B77+B78+0.5*B79)*B81+(B81^2)/(2*B80) -> 100.39 | C85: метра | D85: - търсената опасна зона на лек автомобил 1 | L85: Oз, м. = | M85: =(M77+M78+0.5*M79)*M81+(M81^2)/(2*M80) -> 127.95 | Q85: Oз, м. = | R85: =(R77+R78+0.5*R79)*R81+(R81^2)/(2*R80) -> 98.74 | S85: метра | T85: - търсената опасна зона на лек автомобил 1 | Z85: Oз, м. = | AA85: =(AA77+AA78+0.5*AA79)*AA81+(AA81^2)/(2*AA80) -> 120.06
E88: Определяне времето за движение от точката на реакция на водача, до мястото на удара | T88: Определяне времето за движение от точката на реакция на водача, до мястото на удара
Q92: t Σ | R92: =R77+R78+(0.5*R79) -> 1.2 | Z92: t Σ | AA92: =AA77+AA78+(0.5*AA79) -> 1.2
A94: Ty = | B94: =(B77+B78+(0.5*B79))+((B66-B22)/B80) -> 1.2 | L94: Ty = | M94: =(M77+M78+(0.5*M79))+((M66-M22)/M80) -> 1.4 | Q94: Ty = | R94: =(R77+R78+(0.5*R79))+((R64-R62)/R80) -> 1.2 | Z94: Ty = | AA94: =(AA77+AA78+(0.5*AA79))+((AA64-AA62)/AA80) -> 1.2
E98: Определяне отстоянието на лекия автомобил в точката на реакция на водача | T98: Определяне отстоянието на лекия автомобил в точката на реакция на водача
A104: изчисление | L104: изчисление | Q104: изчисление | Z104: изчисление
A105: Oу 1 със σ1 | B105: =((B77+B78+(0.5*B79))*B66)+B61 -> 35.76 | L105: Oу 2 със σ2 | M105: =((M77+M78+(0.5*M79))*M66)+M61 -> 46.76 | Q105: Oу 1 със σ1 | R105: =((R77+R78+(0.5*R79))*R64)+R61 -> 35.4 | Z105: Oу 2 със σ2 | AA105: =((AA77+AA78+(0.5*AA79))*AA64)+AA61 -> 39.84
A111: Oy | B111: =((B77+B78+(0.5*B79))*B66)+(B66^2-B22^2)/(2*B58) -> 35.76 | L111: Oy | M111: =((M77+M78+(0.5*M79))*M66)+(M66^2-M22^2)/(2*M58) -> 46.76 | Q111: Oy | R111: =((R77+R78+(0.5*R79))*R64)+(R64^2-R62^2)/(2*R58) -> 35.4 | Z111: Oy | AA111: =((AA77+AA78+(0.5*AA79))*AA64)+(AA64^2-AA62^2)/(2*AA58) -> 39.84
E116: Определяне на скоростта, при която не би настъпил удар | T116: Определяне на скоростта, при която не би настъпил удар
A121: t Σ | B121: =B77+B78+(0.5*B79) -> 1.2 | L121: t Σ | M121: =M77+M78+(0.5*M79) -> 1.4 | Q121: t Σ | R121: =R77+R78+(0.5*R79) -> 1.2 | Z121: t Σ | AA121: =AA77+AA78+(0.5*AA79) -> 1.2
A123: Vбезоп | B123: =SQRT((B121^2*B80^2)+2*(B111-1)*B80)-B121*B80 -> 15.11 | L123: Vбезоп | M123: =SQRT((M121^2*M80^2)+2*(M111-1)*M80)-M121*M80 -> 17.24 | Q123: Vбезоп | R123: =SQRT((R121^2*R80^2)+2*(R111-1)*R80)-R121*R80 -> 15 | Z123: Vбезоп | AA123: =SQRT((AA121^2*AA80^2)+2*(AA111-1)*AA80)-AA121*AA80 -> 16.3
B124: =B123*3.6 -> 54.4 | M124: =M123*3.6 -> 62.06 | R124: =R123*3.6 -> 54 | AA124: =AA123*3.6 -> 58.7
D127: Определяне времето за движение от началото на спирачните следи до мястото на удара | T127: Определяне времето за движение от началото на спирачните следи до мястото на удара
A129: t сп. сл. | B129: =((B66-B22)/B80) -> 0 | L129: t сп. сл. | M129: =((M66-M22)/M80) -> 0 | Q129: t сп. сл. | R129: =((R64-R62)/R80) -> 0 | Z129: t сп. сл. | AA129: =((AA64-AA62)/AA80) -> 0
E133: Определяне времето за изминаване на опасната зона на опасната зона | T133: Определяне времето за изминаване на опасната зона на опасната зона
A136: Tоз = | B136: =(B77+B78+(0.5*B79))+(B81/B80) -> 5.54 | L136: Tоз = | M136: =(M77+M78+(0.5*M79))+(M81/M80) -> 6.26 | Q136: Tоз = | R136: =(R77+R78+(0.5*R79))+(R81/R80) -> 5.49 | Z136: Tоз = | AA136: =(AA77+AA78+(0.5*AA79))+(AA81/AA80) -> 6.03
E141: Проверка | F141: (би трябвало да е равно на спирачните следи преди удара) | T141: Проверка | U141: (би трябвало да е равно на спирачните следи преди удара)
A147: S сп = | B147: =(B66^2-B22^2)/(2*B58) -> 0 | L147: S сп = | M147: =(M66^2-M22^2)/(2*M58) -> 0 | Q147: S сп = | R147: =(R64^2-R62^2)/(2*R58) -> 0 | Z147: S сп = | AA147: =(AA64^2-AA62^2)/(2*AA58) -> 0
A150: Изходни данни | G150: Изходни данни | Q150: Изходни данни
A152: V1 = | B152: =C152*3.6 -> 107.3 | C152: =B22 -> 29.8 | G152: V2 = | H152: =I152*3.6 -> 120.2 | I152: =M66 -> 33.4 | Q152: V1 = | R152: =S152*3.6 -> 106.2 | S152: =R30 -> 29.5 | V152: V2 = | W152: =X152*3.6 -> 119.5 | X152: =Z30 -> 33.2
A153: u1 = | B153: =C153*3.6 -> 37.8 | C153: =B10 -> 10.5 | G153: u2 = | H153: =I153*3.6 -> 56.5 | I153: =M10 -> 15.7 | Q153: u1 = | R153: =S153*3.6 -> 37.8 | S153: =B10 -> 10.5 | V153: u2 = | W153: =X153*3.6 -> 56.5 | X153: =M10 -> 15.7
A154: α1 = | B154: =C154 -> 0 | C154: =B13 -> 0 | G154: α2 = | H154: =I154 -> 188 | I154: =M13 -> 188 | Q154: α1 = | R154: =S154 -> 0 | S154: =B13 -> 0 | V154: α2 = | W154: =X154 -> 188 | X154: =M13 -> 188
A155: β1 = | B155: =C155 -> 341 | C155: =B14 -> 341 | G155: β2 = | H155: =I155 -> 186 | I155: =M14 -> 186 | Q155: β1 = | R155: =S155 -> 341 | S155: =B14 -> 341 | V155: β2 = | W155: =X155 -> 186 | X155: =M14 -> 186
A156: ΔV1 = | B156: =SQRT((B174^2)+(C174^2)) -> 72.6 | C156: =B156/3.6 -> 20.2 | G156: ΔV2 = | H156: =SQRT((H174^2)+(I174^2)) -> 63.7 | I156: =H156/3.6 -> 17.7 | Q156: ΔV1 = | R156: =(SQRT((R174^2)+(S174^2))) -> 71.6 | S156: =R156/3.6 -> 19.9 | V156: ΔV2 = | W156: =SQRT((W174^2)+(X174^2)) -> 63 | X156: =W156/3.6 -> 17.5
A160: Координати на векторите на скоростта върху осите "Х" и "Y" | E160: к= | F160: 1 | T160: к= | U160: =F160 -> 1
A162: Вектор V1 | B162: x | C162: y | G162: Вектор V2 | H162: x | I162: y | Q162: Вектор V1 | R162: x | S162: y | V162: Вектор V2 | W162: x | X162: y
A163: начало | B163: =(-B152*COS(RADIANS(B154)))*F160 -> -107.3 | C163: =(-B152*SIN(RADIANS(B154)))*F160 -> 0 | G163: начало | H163: =(-H152*COS(RADIANS(H154)))*F160 -> 119 | I163: =(-H152*SIN(RADIANS(H154)))*F160 -> 16.7 | Q163: начало | R163: =(-R152*COS(RADIANS(R154)))*U160 -> -106.2 | S163: =(-R152*SIN(RADIANS(R154)))*U160 -> 0 | V163: начало | W163: =(-W152*COS(RADIANS(W154)))*U160 -> 118.3 | X163: =(-W152*SIN(RADIANS(W154)))*U160 -> 16.6
A164: край | B164: 0 | C164: 0 | G164: край | H164: 0 | I164: 0 | Q164: край | R164: 0 | S164: 0 | V164: край | W164: 0 | X164: 0
A167: Вектор u1 | B167: x | C167: y | G167: Вектор u2 | H167: x | I167: y | Q167: Вектор u1 | R167: x | S167: y | V167: Вектор u2 | W167: x | X167: y
A168: начало | B168: =B163 -> -107.3 | C168: =C163 -> 0 | G168: начало | H168: =H163 -> 119 | I168: =I163 -> 16.7 | Q168: начало | R168: =R163 -> -106.2 | S168: =S163 -> 0 | V168: начало | W168: =W163 -> 118.3 | X168: =X163 -> 16.6
A169: край | B169: =((-B152*COS(RADIANS(B154)))+(B153*COS(RADIANS(B155))))*F160 -> -71.6 | C169: =((-B152*SIN(RADIANS(B154)))+(B153*SIN(RADIANS(B155))))*F160 -> -12.3 | G169: край | H169: =((-H152*COS(RADIANS(H154)))+(H153*COS(RADIANS(H155))))*F160 -> 62.8 | I169: =((-H152*SIN(RADIANS(H154)))+(H153*SIN(RADIANS(H155))))*F160 -> 10.8 | Q169: край | R169: =((-R152*COS(RADIANS(R154)))+(R153*COS(RADIANS(R155))))*U160 -> -70.5 | S169: =((-R152*SIN(RADIANS(R154)))+(R153*SIN(RADIANS(R155))))*U160 -> -12.3 | V169: край | W169: =((-W152*COS(RADIANS(W154)))+(W153*COS(RADIANS(W155))))*U160 -> 62.1 | X169: =((-W152*SIN(RADIANS(W154)))+(W153*SIN(RADIANS(W155))))*U160 -> 10.7
A172: Вектор ΔV1 | B172: x | C172: y | G172: Вектор ΔV2 | H172: x | I172: y | Q172: Вектор ΔV1 | R172: x | S172: y | V172: Вектор ΔV2 | W172: x | X172: y
A173: начало | B173: 0 | C173: 0 | G173: начало | H173: 0 | I173: 0 | Q173: начало | R173: 0 | S173: 0 | V173: начало | W173: 0 | X173: 0
A174: край | B174: =B169 -> -71.6 | C174: =C169 -> -12.3 | G174: край | H174: =H169 -> 62.8 | I174: =I169 -> 10.8 | Q174: край | R174: =R169 -> -70.5 | S174: =S169 -> -12.3 | V174: край | W174: =W169 -> 62.1 | X174: =X169 -> 10.7
B176: =DEGREES(ATAN(C174/B174)) -> 9.75 | H176: =DEGREES(ATAN(I174/H174)) -> 9.76 | R176: =DEGREES(ATAN(S174/R174)) -> 9.896672 | W176: =DEGREES(ATAN(X174/W174)) -> 9.7762276

Sheet Текст Моментум 360
A1: Определяне на скоростите на превозните средства след удара
A3: =Изчисление!A1 -> За лек автомобил 1
I5: [5]
A7: u1 - скорост на масовия център на превозното средство след удара
A8: σi1 - път изминат от масовия център на превозното средство след удара
A9: ji1 - максимално спирачно закъснение
A12: αHi - ъгъл на наклона на пътя в дадения участък, знакът „плюс” се поставя при изкачване на превозното средство, а „минус” – при спускане
A13: g = 9,81 м/сек ² - земно ускорение
A14: µ Hi - Среден коефициент на сцепление за съответния пътен участък
A16: μ ср1 = | B16: =Изчисление!B3 -> 0.7 | C16: μ ср1 = kr . µ1
A17: α° = | B17: =Изчисление!B5 -> 0 | C17: градуса
A18: σ 1 = | B18: =Изчисление!B4 -> 8.1 | C18: метра
A19: j 1 = | B19: =Изчисление!B6 -> 6.87 | C19: м/сек²
A20: Vy1 = | B20: =Изчисление!B7 -> 0 | C20: м/сек
B21: =Изчисление!B8 -> 0 | C21: км/ч
A24: След заместване в [5], се получва
A26: u1 = | B26: =Изчисление!B10 -> 10.5 | C26: м/сек
B27: =Изчисление!B11 -> 37.8 | C27: км/ч
A31: =Изчисление!L1 -> За лек автомобил 2
I34: [6]
A36: u2 - скорост на масовия център на превозното средство след удара
A37: µ2 - Среден коефициент на сцепление за съответния пътен участък
A38: σ2 - път изминат от масовия център на превозното средство след удара
A41: αHi - ъгъл на наклона на пътя в дадения участък, знакът „плюс” се поставя при изкачване на превозното средство, а „минус” – при спускане
A42: j2 - максимално спирачно закъснение
A43: g = 9,81 м/сек 2 - земно ускорение
A45: μ ср21 = | B45: =Изчисление!$M$3 -> 0.7 | C45: μ ср2 = kr . µ2
A46: α° = | B46: =Изчисление!M5 -> 0 | C46: градуса
A47: σ 21 = | B47: =Изчисление!M4 -> 18 | C47: метра
A48: j 21 = | B48: =Изчисление!M6 -> 6.87 | C48: м/сек ²
A49: Vy 21 = | B49: =Изчисление!M7 -> 0 | C49: м/сек
B50: =Изчисление!M8 -> 0 | C50: км/ч
A54: След заместване в [6], се получава
A56: u2 = | B56: =Изчисление!M10 -> 15.7 | C56: м/сек
B57: =Изчисление!M11 -> 56.5 | C57: км/ч
A59: Определяне скоростта на превозните средства в момента на удара
A61: =Изчисление!A1 -> За лек автомобил 1
I63: [7]
A66: α1 - ъгъл измерен от абсцисната ос до скоростта на масовия център преди удара
A67: β1 - ъгъл измерен от абсцисната ос до скоростта на масовия център след удара
A68: u1 - скорост на масовия център на превозното средство след удара
A70: α 1° = | B70: =Изчисление!B13 -> 0 | C70: градуса
A71: β 1° = | B71: =Изчисление!B14 -> 341 | C71: градуса
A72: u 1 = | B72: =Изчисление!B16 -> 10.5 | C72: м/сек
A73: m1 = | B73: =Изчисление!B15 -> 1250 | C73: кг
A75: След заместване в [7], се полуава
A77: Vу1 = | B77: =Изчисление!B22 -> 29.8 | C77: м/сек
B78: =Изчисление!B23 -> 107.3 | C78: км/ч
A81: =Изчисление!L1 -> За лек автомобил 2
I85: [9]
A88: α2 - ъгъл измерен от абсцисната ос до скоростта на масовия център преди удара
A89: β2 - ъгъл измерен от абсцисната ос до скоростта на масовия център след удара
A90: u2 - скорост на масовия център на превозното средство след удара
A92: α 2 ° = | B92: =Изчисление!M13 -> 188 | C92: градуса
A93: β 2 ° = | B93: =Изчисление!M14 -> 186 | C93: градуса
A94: u 2 = | B94: =Изчисление!M16 -> 15.7 | C94: м/сек
A95: m 2 = | B95: =Изчисление!M15 -> 1420 | C95: кг.
A97: След заместване в [9], се получава
A99: Vу2 = | B99: =Изчисление!M22 -> 33.4 | C99: м/сек
B100: =Изчисление!M23 -> 120.2 | C100: км/ч
A103: Скорости на превозните средства в момента на удара, както следва
A105: =Изчисление!$A$1 -> За лек автомобил 1
A106: Vу1 = | B106: =Изчисление!$B$22 -> 29.8 | C106: м/сек
B107: =Изчисление!$B$23 -> 107.3 | C107: км/ч
A109: =Изчисление!$L$1 -> За лек автомобил 2
A110: Vу2 = | B110: =Изчисление!$M$22 -> 33.4 | C110: м/сек
B111: =Изчисление!$M$23 -> 120.2 | C111: км/ч
A113: Проекции на векторите на скоростите върху координатните оси
A115: =Изчисление!A1 -> За лек автомобил 1
A117: Вектор V1 | B117: x | E117: y
A118: Начало | B118: x=-V1.cosα1 | E118: y=-V1.sinα1
A119: Край | B119: 0 | E119: 0
A121: Вектор u1 | B121: x | E121: y
A122: Начало | B122: x=-V1.cosα1 | E122: y=-V1.sinα1
A123: Край | B123: x=-v1.cosα1+u1.cosβ1 | E123: x=-v1.sinα1+u1.sinβ1
A125: Вектор ΔV1 | B125: x | E125: y
A126: Начало | B126: 0 | E126: 0
A127: Край | B127: x=-v1.cosα1+u1.cosβ1 | E127: x=-v1.sinα1+u1.sinβ1
A129: Координати на векторите на скоростта върху осите "Х" и "Y"
A131: Вектор V1 | B131: x | E131: y
A132: начало | B132: =Изчисление!B163 -> -107.3 | E132: =Изчисление!C163 -> 0
A133: край | B133: =Изчисление!B164 -> 0 | E133: =Изчисление!C164 -> 0
A135: Вектор u1 | B135: x | E135: y
A136: начало | B136: =Изчисление!B168 -> -107.3 | E136: =Изчисление!C168 -> 0
A137: край | B137: =Изчисление!B169 -> -71.6 | E137: =Изчисление!C169 -> -12.3
A139: Вектор ΔV1 | B139: x | E139: y
A140: начало | B140: =Изчисление!B173 -> 0 | E140: =Изчисление!C173 -> 0
A141: край | B141: =Изчисление!B174 -> -71.6 | E141: =Изчисление!C174 -> -12.3
A144: =Изчисление!L1 -> За лек автомобил 2
A146: Вектор V1 | B146: x | E146: y
A147: Начало | B147: x=-V2.cosα2 | E147: y=-V2.sinα2
A148: Край | B148: 0 | E148: 0
A150: Вектор u1 | B150: x | E150: y
A151: Начало | B151: x=-V2.cosα2 | E151: y=-V2.sinα2
A152: Край | B152: x=-v2.cosα2+u2.cosβ2 | E152: x=-v2.sinα2+u2.sinβ2
A154: Вектор ΔV1 | B154: x | E154: y
A155: Начало | B155: 0 | E155: 0
A156: Край | B156: x=-v2.cosα2+u2.cosβ2 | E156: x=-v2.sinα2+u2.sinβ2
A159: Координати на векторите на скоростта върху осите "Х" и "Y"
A161: Вектор V1 | B161: x | E161: y
...

Sheet Текст Теория на удара
A1: Определяне на скоростите на превозните средства след удара
A3: =Изчисление!A1 -> За лек автомобил 1
I5: [5]
A7: u1 - скорост на масовия център на превозното средство след удара
A8: σi1 - път изминат от масовия център на превозното средство след удара
A9: ji1 - максимално спирачно закъснение
A12: αHi - ъгъл на наклона на пътя в дадения участък, знакът „плюс” се поставя при изкачване на превозното средство, а „минус” – при спускане
A13: g = 9,81 м/сек ² - земно ускорение
A14: µ Hi - Среден коефициент на сцепление за съответния пътен участък
A16: μ ср1 = | B16: =Изчисление!B3 -> 0.7 | C16: μ ср1 = kr . µ1
A17: α° = | B17: =Изчисление!B5 -> 0 | C17: градуса
A18: σ 1 = | B18: =Изчисление!B4 -> 8.1 | C18: метра
A19: j 1 = | B19: =Изчисление!B6 -> 6.87 | C19: м/сек²
A20: Vy1 = | B20: =Изчисление!B7 -> 0 | C20: м/сек
B21: =Изчисление!B8 -> 0 | C21: км/ч
A24: След заместване в [5], се получва
A26: u1 = | B26: =Изчисление!B10 -> 10.5 | C26: м/сек
B27: =Изчисление!B11 -> 37.8 | C27: км/ч
A30: =Изчисление!L1 -> За лек автомобил 2
I33: [6]
A35: u2 - скорост на масовия център на превозното средство след удара
A36: µ2 - Среден коефициент на сцепление за съответния пътен участък
A37: σ2 - път изминат от масовия център на превозното средство след удара
A40: αHi - ъгъл на наклона на пътя в дадения участък, знакът „плюс” се поставя при изкачване на превозното средство, а „минус” – при спускане
A41: j2 - максимално спирачно закъснение
A42: g = 9,81 м/сек 2 - земно ускорение
A44: μ ср21 = | B44: =Изчисление!M3 -> 0.7 | C44: μ ср2 = kr . µ2
A45: α° = | B45: =Изчисление!M5 -> 0 | C45: градуса
A46: σ 21 = | B46: =Изчисление!M4 -> 18 | C46: метра
A47: j 21 = | B47: =Изчисление!M6 -> 6.87 | C47: м/сек ²
A48: Vy 21 = | B48: =Изчисление!M7 -> 0 | C48: м/сек
B49: =Изчисление!M8 -> 0 | C49: км/ч
A52: След заместване в [6], се получава
A54: u2 = | B54: =Изчисление!M10 -> 15.7 | C54: м/сек
B55: =Изчисление!M11 -> 56.5 | C55: км/ч
A58: Определяне скоростта на превозните средства в момента на удара
I61: [7]
I65: [8]
A68: Стойност на коефициентите в алгебричната система от уравнения
I70: [9]
A81: =Изчисление!A1 -> За лек автомобил 1
A83: α 1° = | B83: =Изчисление!B13 -> 0 | C83: градуса
A84: β 1° = | B84: =Изчисление!B14 -> 341 | C84: градуса
A85: u 1 = | B85: =Изчисление!B16 -> 10.5 | C85: м/сек
A86: m1 = | B86: =Изчисление!B15 -> 1250 | C86: кг
A88: α1 - ъгъл измерен от абсцисната ос до скоростта на масовия център преди удара
A89: β1 - ъгъл измерен от абсцисната ос до скоростта на масовия център след удара
A90: u1 - скорост на масовия център на превозното средство след удара
A91: m1 - маса на превозното средство
A93: =Изчисление!L1 -> За лек автомобил 2
A95: α 2 ° = | B95: =Изчисление!M13 -> 188 | C95: градуса
A96: β 2 ° = | B96: =Изчисление!M14 -> 186 | C96: градуса
A97: u 2 = | B97: =Изчисление!M16 -> 15.7 | C97: м/сек
A98: m 2 = | B98: =Изчисление!M15 -> 1420 | C98: кг.
A100: α2 - ъгъл измерен от абсцисната ос до скоростта на масовия център преди удара
A101: β2 - ъгъл измерен от абсцисната ос до скоростта на масовия център след удара
A102: u2 - скорост на масовия център на превозното средство след удара
A103: m2 - маса на превозното средство
A105: αs ° = | B105: =Изчисление!B18 -> 9 | C105: градуса
A106: k = | B106: =Изчисление!B20 -> 0.4
A108: αs - ъгъл на директриса на ударния импулс
A109: k - коефициент на възстановяване
A112: След заместване в [7], [8] и системата уравнения [9], се получава
C114: a11 | D114: =Изчисление!V26 -> 1250 | E114: кг.
C115: a12 | D115: =Изчисление!V27 -> -1406.18 | E115: кг.
C116: a21 | D116: =Изчисление!V28 -> -0.99
C117: a22 | D117: =Изчисление!V29 -> -1
C118: b1 | D118: =Изчисление!V30 -> -9761.94 | E118: N/сек
C119: b2 | D119: =Изчисление!V31 -> -62.37 | E119: м/сек
A122: =Изчисление!A1 -> За лек автомобил 1
A124: Vу1 = | B124: =Изчисление!R30 -> 29.5 | C124: м/сек
B125: =Изчисление!R31 -> 106.2 | C125: км/ч
A127: =Изчисление!L1 -> За лек автомобил 2
A129: Vу2 = | B129: =Изчисление!Z30 -> 33.2 | C129: м/сек
B130: =Изчисление!Z31 -> 119.5 | C130: км/ч
A133: Проекции на векторите на скоростите върху координатните оси
A135: =Изчисление!$A$1 -> За лек автомобил 1
A137: Вектор V1 | B137: x | E137: y
A138: Начало | B138: x=-V1.cosα1 | E138: y=-V1.sinα1
A139: Край | B139: 0 | E139: 0
A141: Вектор u1 | B141: x | E141: y
A142: Начало | B142: x=-V1.cosα1 | E142: y=-V1.sinα1
A143: Край | B143: x=-v1.cosα1+u1.cosβ1 | E143: x=-v1.sinα1+u1.sinβ1
A145: Вектор ΔV1 | B145: x | E145: y
A146: Начало | B146: 0 | E146: 0
A147: Край | B147: x=-v1.cosα1+u1.cosβ1 | E147: x=-v1.sinα1+u1.sinβ1
A149: Координати на векторите на скоростта върху осите "Х" и "Y"
A151: Вектор V1 | B151: x | E151: y
A152: начало | B152: =Изчисление!$R$163 -> -106.2 | E152: =Изчисление!$S$163 -> 0
A153: край | B153: =Изчисление!$R$164 -> 0 | E153: =Изчисление!$S$164 -> 0
A155: Вектор u1 | B155: x | E155: y
A156: начало | B156: =Изчисление!$R$168 -> -106.2 | E156: =Изчисление!$S$168 -> 0
A157: край | B157: =Изчисление!$R$169 -> -70.5 | E157: =Изчисление!$S$169 -> -12.3
A159: Вектор ΔV1 | B159: x | E159: y
A160: начало | B160: =Изчисление!$R$173 -> 0 | E160: =Изчисление!$S$173 -> 0
A161: край | B161: =Изчисление!$R$174 -> -70.5 | E161: =Изчисление!$S$174 -> -12.3
A164: =Изчисление!$L$1 -> За лек автомобил 2
A166: Вектор V1 | B166: x | E166: y
A167: Начало | B167: x=-V2.cosα2 | E167: y=-V2.sinα2
A168: Край | B168: 0 | E168: 0
...
